รหัสใหม่,รหัสเดิม,หมวด (ตำแหน่งที่ 7),ชื่อหมวด,กลุ่มวิชา,ชื่อรายวิชา (ไทย),ชื่อรายวิชา (อังกฤษ),หน่วยกิต,ภาคการศึกษาที่เปิดสอน
EN-714-11001,EN-001-121,1,วิชาแกนหรือวิชาพื้นฐาน,2.1 พื้นฐานและปฏิบัติการวิศวกรรม,การเขียนแบบวิศวกรรมและการวางผังระบบ,Engineering Drawing and System Layout Design,3(2-2-5),1
EN-714-11002,EN-001-122,1,วิชาแกนหรือวิชาพื้นฐาน,2.1 พื้นฐานและปฏิบัติการวิศวกรรม,การเขียนโปรแกรมพื้นฐานสำหรับปัญญาประดิษฐ์,Foundational Programming for Artificial Intelligence,3(2-2-5),1
EN-714-11003,EN-001-123,1,วิชาแกนหรือวิชาพื้นฐาน,2.1 พื้นฐานและปฏิบัติการวิศวกรรม,กลศาสตร์วัสดุและการออกแบบโครงสร้าง,Mechanics of Materials and Structural Design,3(3-0-6),1
EN-714-11004,EN-001-128,1,วิชาแกนหรือวิชาพื้นฐาน,2.1 พื้นฐานและปฏิบัติการวิศวกรรม,ปฏิบัติการวิศวกรรมเชิงบูรณาการ 1: การสร้างชิ้นงานและการติดตั้งเซนเซอร์,Integrated Engineering Workshop 1: Fabrication and Sensor Installation,1(0-2-1),1
EN-714-11005,EN-001-124,1,วิชาแกนหรือวิชาพื้นฐาน,2.1 พื้นฐานและปฏิบัติการวิศวกรรม,วิศวกรรมความร้อนและของไหลในระบบอัจฉริยะ,Thermal-Fluid Engineering in Smart Systems,3(3-0-6),2
EN-714-11006,EN-001-125,1,วิชาแกนหรือวิชาพื้นฐาน,2.1 พื้นฐานและปฏิบัติการวิศวกรรม,พื้นฐานไฟฟ้าและอิเล็กทรอนิกส์สำหรับระบบอัจฉริยะ,Electrical and Electronic Fundamentals for Intelligent Systems,3(3-0-6),2
EN-714-11007,EN-001-126,1,วิชาแกนหรือวิชาพื้นฐาน,2.1 พื้นฐานและปฏิบัติการวิศวกรรม,สถิติและการวิเคราะห์ข้อมูลสำหรับวิศวกรรม,Statistics and Data Analysis for Engineering,3(3-0-6),2
EN-714-11008,EN-001-129,1,วิชาแกนหรือวิชาพื้นฐาน,2.1 พื้นฐานและปฏิบัติการวิศวกรรม,ปฏิบัติการวิศวกรรมเชิงบูรณาการ 2: ระบบขับเคลื่อนและการควบคุมอัตโนมัติ,Integrated Engineering Workshop 2: Drive Systems and Automatic Control,1(0-2-1),2
EN-714-11009,EN-001-227,1,วิชาแกนหรือวิชาพื้นฐาน,2.1 พื้นฐานและปฏิบัติการวิศวกรรม,เศรษฐศาสตร์วิศวกรรมและการวิเคราะห์ต้นทุน,Engineering Economics and Cost Analysis,3(3-0-6),3
EN-714-11010,EN-001-230,1,วิชาแกนหรือวิชาพื้นฐาน,2.1 พื้นฐานและปฏิบัติการวิศวกรรม,ปฏิบัติการวิศวกรรมเชิงบูรณาการ 3: การบูรณาการระบบและการส่งมอบ,Integrated Engineering Workshop 3: System Integration and Handover,1(0-2-1),3
EN-714-12001,EN-131-101,2,วิชาชีพบังคับ,2.2 แกนปัญญาประดิษฐ์,ความรู้เบื้องต้นสำหรับปัญญาประดิษฐ์,Introduction to Artificial Intelligence,3(3-0-6),1
EN-714-12002,EN-131-102,2,วิชาชีพบังคับ,2.2 แกนปัญญาประดิษฐ์,คณิตศาสตร์วิศวกรรมปัญญาประดิษฐ์,Mathematics for Artificial Intelligence,3(3-0-6),2
EN-714-12003,EN-131-203,2,วิชาชีพบังคับ,2.2 แกนปัญญาประดิษฐ์,การเรียนรู้ของเครื่องและการเรียนรู้เชิงลึก,Machine Learning and Deep Learning,3(2-2-5),3
EN-714-12004,EN-131-204,2,วิชาชีพบังคับ,2.2 แกนปัญญาประดิษฐ์,วิศวกรรมข้อมูลและข้อมูลขนาดใหญ่,Data Engineering and Big Data,3(3-0-6),3
EN-714-12005,EN-131-205,2,วิชาชีพบังคับ,2.2 แกนปัญญาประดิษฐ์,ระบบตรวจวัด ขับเคลื่อน และอินเทอร์เน็ตของสรรพสิ่งอัจฉริยะ,"Smart Sensing, Actuation and Internet of Things Systems",3(2-2-5),3
EN-714-12006,EN-131-206,2,วิชาชีพบังคับ,2.2 แกนปัญญาประดิษฐ์,คอมพิวเตอร์วิทัศน์และการวิเคราะห์ภาพ,Computer Vision and Image Analysis,3(2-2-5),4
EN-714-12007,EN-131-207,2,วิชาชีพบังคับ,2.2 แกนปัญญาประดิษฐ์,โครงสร้างพื้นฐานคลาวด์และการดำเนินการเรียนรู้ของเครื่อง,Cloud Infrastructure and Machine Learning Operations,3(2-2-5),4
EN-714-12008,EN-131-208,2,วิชาชีพบังคับ,2.2 แกนปัญญาประดิษฐ์,ปฏิบัติการวิศวกรรมเชิงบูรณาการ 4: เครือข่ายและโครงสร้างพื้นฐานสำหรับปัญญาประดิษฐ์,Integrated Engineering Workshop 4: Networking and AI Infrastructure,1(0-2-1),4
EN-714-12009,EN-132-201,2,วิชาชีพบังคับ,2.3 วิชาชีพบังคับ,ธุรกิจอัจฉริยะและการออกแบบผลิตภัณฑ์ปัญญาประดิษฐ์,AI Business Intelligence and Product Design,3(2-2-5),4
EN-714-12010,EN-132-202,2,วิชาชีพบังคับ,2.3 วิชาชีพบังคับ,ระบบตัดสินใจอัจฉริยะและการจัดการห่วงโซ่อุปทาน,Decision Intelligence and Supply Chain Management,3(2-2-5),4
EN-714-12011,EN-132-303,2,วิชาชีพบังคับ,2.3 วิชาชีพบังคับ,ระบบฟาร์มอัจฉริยะและเกษตรแม่นยำ,Smart Farming Systems and Precision Agriculture,3(2-2-5),5
EN-714-12012,EN-132-304,2,วิชาชีพบังคับ,2.3 วิชาชีพบังคับ,ระบบการผลิตอัจฉริยะและหุ่นยนต์อุตสาหกรรม,Smart Manufacturing and Industrial Robotics Systems,3(2-2-5),5
EN-714-12013,EN-132-305,2,วิชาชีพบังคับ,2.3 วิชาชีพบังคับ,วิศวกรรมซอฟต์แวร์และปัญญาประดิษฐ์,Software and AI Engineering,3(2-2-5),5
EN-714-12014,EN-132-306,2,วิชาชีพบังคับ,2.3 วิชาชีพบังคับ,ระบบเอเจนต์ปัญญาประดิษฐ์,Agentic AI Systems,3(2-2-5),6
EN-714-12015,EN-132-307,2,วิชาชีพบังคับ,2.3 วิชาชีพบังคับ,อากาศยานไร้คนขับสำหรับวิศวกรรมเกษตรอัจฉริยะ,Unmanned Aerial Vehicles for Smart Agricultural Engineering,3(2-2-5),6
EN-714-12016,EN-132-308,2,วิชาชีพบังคับ,2.3 วิชาชีพบังคับ,ปฏิบัติการวิศวกรรมเชิงบูรณาการ 5: ระบบอัตโนมัติและการผลิตอัจฉริยะ,Integrated Engineering Workshop 5: Industrial Automation and Smart Manufacturing,1(0-2-1),6
EN-714-12017,EN-134-301,2,วิชาชีพบังคับ,2.5 โครงงานและสัมมนา,สัมมนาวิศวกรรมปัญญาประดิษฐ์และระบบอัจฉริยะ,Seminar in Artificial Intelligence Engineering and Intelligent Systems,1(0-2-1),5
EN-714-12018,EN-134-302,2,วิชาชีพบังคับ,2.5 โครงงานและสัมมนา,การเตรียมความพร้อมโครงงานวิศวกรรมปัญญาประดิษฐ์และระบบอัจฉริยะ,Artificial Intelligence Engineering and Intelligent Systems Project Preparation,1(0-2-1),6
EN-714-12019,EN-134-403,2,วิชาชีพบังคับ,2.5 โครงงานและสัมมนา,โครงงานวิศวกรรมปัญญาประดิษฐ์และระบบอัจฉริยะ,Artificial Intelligence Engineering and Intelligent Systems Project,3(1-4-4),7
EN-714-12020,EN-134-404,2,วิชาชีพบังคับ,2.5 โครงงานและสัมมนา,โครงงานบูรณาการกับสถานประกอบการทางวิศวกรรมปัญญาประดิษฐ์และระบบอัจฉริยะ,Workplace-Integrated Capstone Project in Artificial Intelligence and Intelligent System Engineering,3(1-4-4),7
EN-714-14001,EN-135-301,4,วิชาเลือก,2.4 วิชาเลือก · แขนง 1 เกษตรอัจฉริยะ,เกษตรกรรมอัจฉริยะและการจัดชลประทาน,Smart Agriculture and Irrigation Management,3(2-2-5),วิชาเลือก — ไม่ผูกภาคการศึกษา
EN-714-14002,EN-135-302,4,วิชาเลือก,2.4 วิชาเลือก · แขนง 1 เกษตรอัจฉริยะ,ปัญญาประดิษฐ์สำหรับเกษตรกรรมแม่นยำ,Artificial Intelligence for Precision Agriculture,3(3-0-6),วิชาเลือก — ไม่ผูกภาคการศึกษา
EN-714-14003,EN-135-303,4,วิชาเลือก,2.4 วิชาเลือก · แขนง 1 เกษตรอัจฉริยะ,ระบบสารสนเทศภูมิศาสตร์และการวิเคราะห์พื้นที่ทางการเกษตร,Geographic Information Systems and Spatial Analysis for Agriculture,3(2-2-5),วิชาเลือก — ไม่ผูกภาคการศึกษา
EN-714-14004,EN-135-304,4,วิชาเลือก,2.4 วิชาเลือก · แขนง 1 เกษตรอัจฉริยะ,เทคโนโลยีและนวัตกรรมการจัดการหลังการเก็บเกี่ยว,Postharvest Management Technology and Innovation,3(3-0-6),วิชาเลือก — ไม่ผูกภาคการศึกษา
EN-714-14005,EN-135-305,4,วิชาเลือก,2.4 วิชาเลือก · แขนง 1 เกษตรอัจฉริยะ,การพยากรณ์และวิเคราะห์ข้อมูลฟาร์มด้วยปัญญาประดิษฐ์,AI-Based Farm Data Forecasting and Analytics,3(2-2-5),วิชาเลือก — ไม่ผูกภาคการศึกษา
EN-714-14006,EN-135-306,4,วิชาเลือก,2.4 วิชาเลือก · แขนง 1 เกษตรอัจฉริยะ,โรงงานผลิตพืชอัจฉริยะและเกษตรกรรมแนวดิ่ง,Smart Plant Factories and Vertical Farming,3(2-2-5),วิชาเลือก — ไม่ผูกภาคการศึกษา
EN-714-14007,EN-135-307,4,วิชาเลือก,2.4 วิชาเลือก · แขนง 1 เกษตรอัจฉริยะ,เทคโนโลยีปัญญาประดิษฐ์เพื่อการปศุสัตว์อัจฉริยะ,Artificial Intelligence Technology for Smart Livestock,3(2-2-5),วิชาเลือก — ไม่ผูกภาคการศึกษา
EN-714-14008,EN-135-308,4,วิชาเลือก,2.4 วิชาเลือก · แขนง 1 เกษตรอัจฉริยะ,คอมพิวเตอร์วิทัศน์สำหรับการจำแนกและคัดเกรดทางการเกษตร,Computer Vision for Agricultural Classification and Grading,3(2-2-5),วิชาเลือก — ไม่ผูกภาคการศึกษา
EN-714-14009,EN-135-309,4,วิชาเลือก,2.4 วิชาเลือก · แขนง 1 เกษตรอัจฉริยะ,การเรียนรู้ของเครื่องและการวิเคราะห์ข้อมูลเซนเซอร์ในฟาร์ม,Machine Learning and Farm Sensor Data Analytics,3(2-2-5),วิชาเลือก — ไม่ผูกภาคการศึกษา
EN-714-14010,EN-135-310,4,วิชาเลือก,2.4 วิชาเลือก · แขนง 1 เกษตรอัจฉริยะ,การจัดการการผลิตพืชอัจฉริยะด้วยปัญญาประดิษฐ์,Artificial Intelligence for Smart Crop Production Management,3(2-2-5),วิชาเลือก — ไม่ผูกภาคการศึกษา
EN-714-14011,EN-135-311,4,วิชาเลือก,2.4 วิชาเลือก · แขนง 1 เกษตรอัจฉริยะ,หุ่นยนต์และระบบอัตโนมัติทางการเกษตร,Agricultural Robotics and Automation,3(2-2-5),วิชาเลือก — ไม่ผูกภาคการศึกษา
EN-714-14012,EN-135-312,4,วิชาเลือก,2.4 วิชาเลือก · แขนง 1 เกษตรอัจฉริยะ,เทคโนโลยีอากาศยานไร้คนขับและการสำรวจระยะไกลเพื่อการเกษตร,UAV Technology and Remote Sensing for Agriculture,3(2-2-5),วิชาเลือก — ไม่ผูกภาคการศึกษา
EN-714-14013,EN-135-313,4,วิชาเลือก,2.4 วิชาเลือก · แขนง 1 เกษตรอัจฉริยะ,การจัดการห่วงโซ่อุปทานสินค้าเกษตรด้วยเทคโนโลยีอัจฉริยะ,Smart Agricultural Supply Chain Management,3(3-0-6),วิชาเลือก — ไม่ผูกภาคการศึกษา
EN-714-14014,EN-135-314,4,วิชาเลือก,2.4 วิชาเลือก · แขนง 1 เกษตรอัจฉริยะ,การประยุกต์ใช้ปัญญาประดิษฐ์ในเทคโนโลยีชีวภาพการเกษตร,AI Applications in Agricultural Biotechnology,3(2-2-5),วิชาเลือก — ไม่ผูกภาคการศึกษา
EN-714-14015,EN-135-315,4,วิชาเลือก,2.4 วิชาเลือก · แขนง 1 เกษตรอัจฉริยะ,การจัดการความเสี่ยงทางการเกษตรและการเปลี่ยนแปลงสภาพภูมิอากาศด้วยปัญญาประดิษฐ์,Agricultural Risk and Climate Change Management with AI,3(3-0-6),วิชาเลือก — ไม่ผูกภาคการศึกษา
EN-714-14016,EN-135-316,4,วิชาเลือก,2.4 วิชาเลือก · แขนง 2 AI ภาคอุตสาหกรรม,การควบคุมกระบวนการขั้นสูงและระบบควบคุมแบบกระจาย,Advanced Process Control and Distributed Control Systems,3(2-2-5),วิชาเลือก — ไม่ผูกภาคการศึกษา
EN-714-14017,EN-135-317,4,วิชาเลือก,2.4 วิชาเลือก · แขนง 2 AI ภาคอุตสาหกรรม,การบำรุงรักษาเชิงพยากรณ์และป้องกันด้วยปัญญาประดิษฐ์,AI-Based Predictive and Preventive Maintenance,3(2-2-5),วิชาเลือก — ไม่ผูกภาคการศึกษา
EN-714-14018,EN-135-318,4,วิชาเลือก,2.4 วิชาเลือก · แขนง 2 AI ภาคอุตสาหกรรม,การออกแบบและการจัดการคลังสินค้าอัจฉริยะ,Smart Warehouse Design and Management,3(2-2-5),วิชาเลือก — ไม่ผูกภาคการศึกษา
EN-714-14019,EN-135-319,4,วิชาเลือก,2.4 วิชาเลือก · แขนง 2 AI ภาคอุตสาหกรรม,การวิจัยดำเนินงานขั้นสูงและการหาค่าเหมาะที่สุดทางอุตสาหกรรม,Advanced Operations Research and Industrial Optimization,3(2-2-5),วิชาเลือก — ไม่ผูกภาคการศึกษา
EN-714-14020,EN-135-320,4,วิชาเลือก,2.4 วิชาเลือก · แขนง 2 AI ภาคอุตสาหกรรม,เทคโนโลยีอุตสาหกรรมเกษตรและการแปรรูป,Agro-Industrial and Processing Technology,3(3-0-6),วิชาเลือก — ไม่ผูกภาคการศึกษา
EN-714-14021,EN-135-321,4,วิชาเลือก,2.4 วิชาเลือก · แขนง 2 AI ภาคอุตสาหกรรม,ปัญญาประดิษฐ์และการจัดการโรงสีข้าวอัจฉริยะ,Artificial Intelligence and Smart Rice Mill Management,3(2-2-5),วิชาเลือก — ไม่ผูกภาคการศึกษา
EN-714-14022,EN-135-322,4,วิชาเลือก,2.4 วิชาเลือก · แขนง 2 AI ภาคอุตสาหกรรม,เทคโนโลยีอัจฉริยะในกระบวนการผลิตอ้อยและน้ำตาล,Smart Technology in Sugarcane and Sugar Production Processes,3(2-2-5),วิชาเลือก — ไม่ผูกภาคการศึกษา
EN-714-14023,EN-135-323,4,วิชาเลือก,2.4 วิชาเลือก · แขนง 2 AI ภาคอุตสาหกรรม,เทคโนโลยีอัจฉริยะในกระบวนการผลิตมันสำปะหลังและแป้ง,Smart Technology in Cassava and Starch Production Processes,3(2-2-5),วิชาเลือก — ไม่ผูกภาคการศึกษา
EN-714-14024,EN-135-324,4,วิชาเลือก,2.4 วิชาเลือก · แขนง 2 AI ภาคอุตสาหกรรม,เทคโนโลยีอินเทอร์เน็ตของสรรพสิ่งสำหรับการเก็บรักษาผลผลิตเกษตร,Internet of Things Technology for Agricultural Produce Storage,3(2-2-5),วิชาเลือก — ไม่ผูกภาคการศึกษา
EN-714-14025,EN-135-325,4,วิชาเลือก,2.4 วิชาเลือก · แขนง 2 AI ภาคอุตสาหกรรม,ระบบอบแห้งอัจฉริยะในอุตสาหกรรมเกษตร,Smart Drying Systems in Agro-Industry,3(2-2-5),วิชาเลือก — ไม่ผูกภาคการศึกษา
EN-714-14026,EN-135-326,4,วิชาเลือก,2.4 วิชาเลือก · แขนง 2 AI ภาคอุตสาหกรรม,วิศวกรรมระบบขนถ่ายวัสดุและบรรจุภัณฑ์อัตโนมัติ,Automated Material Handling and Packaging Systems Engineering,3(2-2-5),วิชาเลือก — ไม่ผูกภาคการศึกษา
EN-714-14027,EN-135-327,4,วิชาเลือก,2.4 วิชาเลือก · แขนง 2 AI ภาคอุตสาหกรรม,การควบคุมการเคลื่อนที่และวิศวกรรมเซลล์หุ่นยนต์ร่วมปฏิบัติงาน,Motion Control and Collaborative Robot Cell Engineering,3(2-2-5),วิชาเลือก — ไม่ผูกภาคการศึกษา
EN-714-14028,EN-135-328,4,วิชาเลือก,2.4 วิชาเลือก · แขนง 2 AI ภาคอุตสาหกรรม,การปรับปรุงกระบวนการด้วยลีนและปัญญาประดิษฐ์,Lean and AI-Enabled Process Improvement,3(2-2-5),วิชาเลือก — ไม่ผูกภาคการศึกษา
EN-714-14029,EN-135-329,4,วิชาเลือก,2.4 วิชาเลือก · แขนง 2 AI ภาคอุตสาหกรรม,คอมพิวเตอร์วิทัศน์เพื่อการควบคุมคุณภาพในอุตสาหกรรม,Computer Vision for Industrial Quality Control,3(2-2-5),วิชาเลือก — ไม่ผูกภาคการศึกษา
EN-714-14030,EN-135-330,4,วิชาเลือก,2.4 วิชาเลือก · แขนง 2 AI ภาคอุตสาหกรรม,การจัดการพลังงานอัจฉริยะและระบบพลังงานแสงอาทิตย์,Smart Energy Management and Solar Energy Systems,3(3-0-6),วิชาเลือก — ไม่ผูกภาคการศึกษา
EN-714-14031,EN-135-331,4,วิชาเลือก,2.4 วิชาเลือก · แขนง 2 AI ภาคอุตสาหกรรม,ระบบนิวแมติกส์และไฮดรอลิกอัจฉริยะสำหรับวิศวกรรมปัญญาประดิษฐ์,Intelligent Pneumatic and Hydraulic Systems for Artificial Intelligence Engineering,3(2-2-5),วิชาเลือก — ไม่ผูกภาคการศึกษา
EN-714-14032,EN-135-332,4,วิชาเลือก,2.4 วิชาเลือก · แขนง 2 AI ภาคอุตสาหกรรม,การถ่ายโอนความร้อนและมวลสารสำหรับระบบอัจฉริยะ,Heat and Mass Transfer for Smart Systems,3(3-0-6),วิชาเลือก — ไม่ผูกภาคการศึกษา
EN-714-14033,EN-135-333,4,วิชาเลือก,2.4 วิชาเลือก · แขนง 2 AI ภาคอุตสาหกรรม,วิศวกรรมความปลอดภัยอัจฉริยะ อาชีวอนามัย และกฎหมายอุตสาหกรรม,"Intelligent Safety Engineering, Occupational Health and Industrial Law",3(2-2-5),วิชาเลือก — ไม่ผูกภาคการศึกษา
EN-714-14034,EN-135-334,4,วิชาเลือก,2.4 วิชาเลือก · แขนง 2 AI ภาคอุตสาหกรรม,การออกแบบเครื่องจักรกลอัจฉริยะ,Intelligent Machine Design,3(2-2-5),วิชาเลือก — ไม่ผูกภาคการศึกษา
EN-714-14035,EN-135-335,4,วิชาเลือก,2.4 วิชาเลือก · แขนง 2 AI ภาคอุตสาหกรรม,การออกแบบเครื่องจักรกลชั้นสูงสำหรับระบบอัตโนมัติและหุ่นยนต์,Advanced Machine Design for Automation and Robotics,3(2-2-5),วิชาเลือก — ไม่ผูกภาคการศึกษา
EN-714-14036,EN-135-336,4,วิชาเลือก,2.4 วิชาเลือก · แขนง 3 นวัตกรรม AI องค์กร,วิศวกรรมข้อมูลขั้นสูงและการวางไปป์ไลน์ข้อมูล,Advanced Data Engineering and Data Pipelines,3(2-2-5),วิชาเลือก — ไม่ผูกภาคการศึกษา
EN-714-14037,EN-135-337,4,วิชาเลือก,2.4 วิชาเลือก · แขนง 3 นวัตกรรม AI องค์กร,โมเดลภาษาขนาดใหญ่ขั้นสูง,Advanced Large Language Models,3(2-2-5),วิชาเลือก — ไม่ผูกภาคการศึกษา
EN-714-14038,EN-135-338,4,วิชาเลือก,2.4 วิชาเลือก · แขนง 3 นวัตกรรม AI องค์กร,ความน่าเชื่อถือและความปลอดภัยของปัญญาประดิษฐ์,AI Reliability and Safety,3(2-2-5),วิชาเลือก — ไม่ผูกภาคการศึกษา
EN-714-14039,EN-135-339,4,วิชาเลือก,2.4 วิชาเลือก · แขนง 3 นวัตกรรม AI องค์กร,สถาปัตยกรรมปัญญาประดิษฐ์ระดับองค์กร,Enterprise AI Architecture,3(2-2-5),วิชาเลือก — ไม่ผูกภาคการศึกษา
EN-714-14040,EN-135-340,4,วิชาเลือก,2.4 วิชาเลือก · แขนง 3 นวัตกรรม AI องค์กร,การออกแบบประสบการณ์ผู้ใช้สำหรับระบบอัจฉริยะ,UX/UI Design for Intelligent Systems,3(3-0-6),วิชาเลือก — ไม่ผูกภาคการศึกษา
EN-714-14041,EN-135-341,4,วิชาเลือก,2.4 วิชาเลือก · แขนง 3 นวัตกรรม AI องค์กร,ปัญญาประดิษฐ์ทางการแพทย์และสุขภาพ,Artificial Intelligence in Medical and Healthcare,3(2-2-5),วิชาเลือก — ไม่ผูกภาคการศึกษา
EN-714-14042,EN-135-342,4,วิชาเลือก,2.4 วิชาเลือก · แขนง 3 นวัตกรรม AI องค์กร,การวิเคราะห์ข้อมูลภาพทางการแพทย์,Medical Image Analysis,3(2-2-5),วิชาเลือก — ไม่ผูกภาคการศึกษา
EN-714-14043,EN-135-343,4,วิชาเลือก,2.4 วิชาเลือก · แขนง 3 นวัตกรรม AI องค์กร,เทคโนโลยีทางการเงินและปัญญาประดิษฐ์,Financial Technology and Artificial Intelligence,3(2-2-5),วิชาเลือก — ไม่ผูกภาคการศึกษา
EN-714-14044,EN-135-344,4,วิชาเลือก,2.4 วิชาเลือก · แขนง 3 นวัตกรรม AI องค์กร,การวิเคราะห์ข้อมูลเชิงคาดการณ์ทางการเงิน,Predictive Data Analysis in Finance,3(2-2-5),วิชาเลือก — ไม่ผูกภาคการศึกษา
EN-714-14045,EN-135-345,4,วิชาเลือก,2.4 วิชาเลือก · แขนง 3 นวัตกรรม AI องค์กร,การสร้างธุรกิจปัญญาประดิษฐ์,AI Venture Creation,3(2-2-5),วิชาเลือก — ไม่ผูกภาคการศึกษา
EN-714-14046,EN-135-346,4,วิชาเลือก,2.4 วิชาเลือก · แขนง 3 นวัตกรรม AI องค์กร,การจัดการโครงการซอฟต์แวร์อัจฉริยะ,Intelligent Software Project Management,3(3-0-6),วิชาเลือก — ไม่ผูกภาคการศึกษา
EN-714-14047,EN-135-347,4,วิชาเลือก,2.4 วิชาเลือก · แขนง 3 นวัตกรรม AI องค์กร,การพัฒนาธุรกิจและการตลาดดิจิทัลด้วยปัญญาประดิษฐ์,Business Development and Digital Marketing with AI,3(3-0-6),วิชาเลือก — ไม่ผูกภาคการศึกษา
EN-714-14048,EN-135-348,4,วิชาเลือก,2.4 วิชาเลือก · แขนง 3 นวัตกรรม AI องค์กร,การจัดการผลิตภัณฑ์ปัญญาประดิษฐ์,AI Product Management,3(2-2-5),วิชาเลือก — ไม่ผูกภาคการศึกษา
EN-714-14049,EN-135-349,4,วิชาเลือก,2.4 วิชาเลือก · แขนง 3 นวัตกรรม AI องค์กร,เทคโนโลยีโลกเสมือนจริงและปัญญาประดิษฐ์,Virtual Reality Technology and Artificial Intelligence,3(2-2-5),วิชาเลือก — ไม่ผูกภาคการศึกษา
EN-714-14050,EN-135-350,4,วิชาเลือก,2.4 วิชาเลือก · แขนง 3 นวัตกรรม AI องค์กร,ธรรมาภิบาลและความเสี่ยงของปัญญาประดิษฐ์,AI Governance and Risk,3(2-2-5),วิชาเลือก — ไม่ผูกภาคการศึกษา
EN-714-14051,EN-135-356,4,วิชาเลือก,2.4 วิชาเลือก · หัวข้อพิเศษ (ร่วมทุกแขนง),หัวข้อพิเศษด้านเทคโนโลยีเกิดใหม่ทางปัญญาประดิษฐ์และระบบอัจฉริยะ 1,Special Topics in Emerging Artificial Intelligence and Intelligent System Technologies 1,3(2-2-5),วิชาเลือก — ไม่ผูกภาคการศึกษา
EN-714-14052,EN-135-357,4,วิชาเลือก,2.4 วิชาเลือก · หัวข้อพิเศษ (ร่วมทุกแขนง),หัวข้อพิเศษด้านเทคโนโลยีเกิดใหม่ทางปัญญาประดิษฐ์และระบบอัจฉริยะ 2,Special Topics in Emerging Artificial Intelligence and Intelligent System Technologies 2,3(2-2-5),วิชาเลือก — ไม่ผูกภาคการศึกษา
EN-714-16001,EN-135-351,6,ฝึกปฏิบัติในสถานประกอบการ,2.6 การเรียนรู้ร่วมการทำงาน (แผน ข),การเรียนรู้ร่วมการทำงานด้านวิศวกรรมปัญญาประดิษฐ์และระบบอัจฉริยะ 1,Work-Integrated Learning in Artificial Intelligence and Intelligent System Engineering 1,3(2-2-5),7
EN-714-16002,EN-135-352,6,ฝึกปฏิบัติในสถานประกอบการ,2.6 การเรียนรู้ร่วมการทำงาน (แผน ข),การเรียนรู้ร่วมการทำงานด้านวิศวกรรมปัญญาประดิษฐ์และระบบอัจฉริยะ 2,Work-Integrated Learning in Artificial Intelligence and Intelligent System Engineering 2,3(2-2-5),7
EN-714-16003,EN-135-353,6,ฝึกปฏิบัติในสถานประกอบการ,2.6 การเรียนรู้ร่วมการทำงาน (แผน ข),การเรียนรู้ร่วมการทำงานด้านวิศวกรรมปัญญาประดิษฐ์และระบบอัจฉริยะ 3,Work-Integrated Learning in Artificial Intelligence and Intelligent System Engineering 3,3(2-2-5),7
EN-714-16004,EN-135-354,6,ฝึกปฏิบัติในสถานประกอบการ,2.6 การเรียนรู้ร่วมการทำงาน (แผน ข),การเรียนรู้ร่วมการทำงานด้านวิศวกรรมปัญญาประดิษฐ์และระบบอัจฉริยะ 4,Work-Integrated Learning in Artificial Intelligence and Intelligent System Engineering 4,3(2-2-5),7
EN-714-16005,EN-135-355,6,ฝึกปฏิบัติในสถานประกอบการ,2.6 การเรียนรู้ร่วมการทำงาน (แผน ข),การเรียนรู้ร่วมการทำงานด้านวิศวกรรมปัญญาประดิษฐ์และระบบอัจฉริยะ 5,Work-Integrated Learning in Artificial Intelligence and Intelligent System Engineering 5,3(2-2-5),7
EN-714-17001,EN-135-401,7,สหกิจศึกษา,2.7 สหกิจศึกษา,เตรียมความพร้อมสหกิจศึกษา,Cooperative Education Preparation,1(0-2-1),6
EN-714-17002,EN-135-402,7,สหกิจศึกษา,2.7 สหกิจศึกษา,สหกิจศึกษา,Cooperative Education,6(0-40-0),8
